czas,parametr_m2,qr_d2[0],qr_d2[1],qr_d2[2],qr_d1[0],qr_d1[1],qr_d1[2]
",",wartosc_rzeczywista_m2 = 50.0
Czas symulacji oraz wartosci optymalizowanych parametrow w kazdej iteracji
0,50.024552209043556,0.0,0.0,0.0,0.0,0.0,0.0
0.5,50.040626496956335,-13.620091399426624,16.08749236605377,0.016620959519196017,-4.9022157085710205,4.743720097489065,0.03421487782550654
1.0,49.97850511267657,-24.41146380956533,18.113551923227323,-0.042433333539054666,-14.564699719242808,15.016260037858776,0.03651243847398067
